id,meansp9800,minsp9800,maxsp9800,mediansp9800,totsp9800,nums9800,mhi99,pir9800,mgr_phi99,mmoc_phi99
370630015021,63800.00,45000.00,81000.00,65000.00,319000.00,5,23582.00,2.76,28.60,32.50
370630003012,72109.76,10000.00,235000.00,74000.00,2956500.00,41,30592.00,2.42,22.10,16.60
370630013011,55014.40,500.00,90000.00,62500.00,1100288.00,20,21419.00,2.92,37.30,16.70
370630002003,119020.46,45000.00,240000.00,113500.00,6189064.00,52,40208.00,2.82,28.20,15.00
370630011001,40259.62,6000.00,192000.00,35000.00,2093500.00,52,16328.00,2.14,27.90,10.00
370630017053,107262.71,36500.00,200000.00,101000.00,6328500.00,59,38854.00,2.60,21.60,20.70
370630005003,40907.41,1000.00,138000.00,35000.00,1104500.00,27,23343.00,1.50,25.80,20.60
370630010022,74051.62,25000.00,150000.00,81500.00,1925342.00,26,29327.00,2.78,23.50,13.00
370630021001,297026.72,27000.00,1575000.00,225000.00,38910500.00,131,77387.00,2.91,13.80,21.50
370630021003,172754.39,22500.00,395000.00,192000.00,9847000.00,57,60357.00,3.18,13.60,14.50
370630021002,156818.97,18500.00,380000.00,147250.00,9095500.00,58,57917.00,2.54,19.10,20.00
370630016034,207415.38,27000.00,466000.00,227000.00,26964000.00,130,62202.00,3.65,23.60,18.50
370630016011,180271.43,65000.00,332500.00,140000.00,6309500.00,35,52344.00,2.67,36.40,19.70
370630016033,114404.76,6000.00,163000.00,127000.00,4805000.00,42,56083.00,2.26,24.50,20.70
370630015011,NaN,NaN,NaN,NaN,NaN,NaN,NaN,NaN,NaN,NaN
370630016043,162902.44,20000.00,408000.00,141250.00,13358000.00,82,66591.00,2.12,24.00,16.30
370630002002,68903.85,7500.00,116000.00,73500.00,1791500.00,26,32760.00,2.24,25.30,17.50
370630016013,128965.75,21500.00,230000.00,127000.00,9414500.00,73,49352.00,2.57,27.80,16.30
370630016032,155596.39,32000.00,299000.00,143750.00,25829000.00,166,64973.00,2.21,42.50,19.30
370630016042,181337.58,22000.00,413000.00,180000.00,28470000.00,157,85631.00,2.10,17.50,16.00
370630008021,75717.39,4500.00,250000.00,69000.00,1741500.00,23,28068.00,2.46,23.50,18.50
370630018015,96289.47,18000.00,285000.00,48500.00,1829500.00,19,49583.00,0.98,21.70,17.90
370630016012,146278.64,18500.00,250000.00,145000.00,47248000.00,323,65263.00,2.22,27.20,19.00
370630016041,168737.14,36000.00,516000.00,154500.00,29529000.00,175,84376.00,1.83,21.00,14.80
370630016031,125752.75,28500.00,185000.00,130000.00,5533121.00,44,54453.00,2.39,45.00,15.90
370630017081,97458.33,10000.00,230000.00,100500.00,4678000.00,48,39833.00,2.52,26.00,19.30
370630017101,134039.06,78000.00,280000.00,130500.00,17157000.00,128,43750.00,2.98,28.60,20.50
370630017071,214091.89,32500.00,821000.00,177000.00,39607000.00,185,60963.00,2.90,33.40,17.10
370630017093,76390.24,13000.00,132000.00,80000.00,3132000.00,41,21955.00,3.64,28.10,30.70
370630017111,108038.46,80000.00,147500.00,105750.00,2809000.00,26,33854.00,3.12,28.30,14.20
370630018041,99808.02,24000.00,138000.00,108750.00,4191937.00,42,46648.00,2.33,22.50,19.40
370630018013,89335.37,38000.00,114000.00,93250.00,7325500.00,82,43779.00,2.13,39.60,25.80
370630017113,86400.00,66000.00,105000.00,94000.00,432000.00,5,35794.00,2.63,28.80,23.80
370630017072,167716.87,20000.00,346500.00,160000.00,27841000.00,166,75130.00,2.13,13.70,17.50
370630017112,408500.00,116000.00,691000.00,413500.00,1634000.00,4,37328.00,11.08,23.40,19.20
370630017102,114402.78,89500.00,136000.00,116000.00,4118500.00,36,45691.00,2.54,21.50,24.10
370630018014,61235.29,8000.00,124500.00,64500.00,1041000.00,17,37250.00,1.73,14.70,18.80
370630017091,66476.18,4000.00,116000.00,74000.00,2193714.00,33,35781.00,2.07,28.60,26.30
370630017051,117000.45,50000.00,177500.00,119000.00,9945038.00,85,47500.00,2.51,21.10,19.50
370630019002,167736.84,37000.00,500000.00,186750.00,6374000.00,38,50938.00,3.67,30.80,20.20
370630017052,204168.67,3000.00,735000.00,120500.00,16946000.00,83,37401.00,3.22,37.10,21.30
370630001021,92376.40,22000.00,270000.00,93000.00,16443000.00,178,33942.00,2.74,23.70,19.90
370630018011,108236.14,6000.00,180000.00,117500.00,9957725.00,92,53516.00,2.20,16.10,16.10
370630017092,82495.08,6000.00,240000.00,78000.00,4289744.00,52,40893.00,1.91,24.80,22.90
370630001012,82905.06,19000.00,326000.00,80000.00,6549500.00,79,29167.00,2.74,21.80,24.30
370630017073,112984.85,20000.00,154000.00,119000.00,3728500.00,33,48672.00,2.44,23.90,16.90
370630018043,121430.75,40000.00,345000.00,118000.00,51729500.00,426,53091.00,2.22,37.20,22.80
370630001011,NaN,NaN,NaN,NaN,NaN,NaN,NaN,NaN,NaN,NaN
370630017061,203902.68,20000.00,545500.00,175000.00,30381500.00,149,42398.00,4.13,26.50,21.50
370630018044,103933.96,24000.00,175000.00,104000.00,5508500.00,53,37372.00,2.78,27.50,19.20
370630004011,108487.01,27000.00,235000.00,100000.00,8353500.00,77,45132.00,2.22,41.30,16.40
370630018023,68416.28,10000.00,105000.00,78500.00,2941900.00,43,26700.00,2.94,19.40,36.00
370630004013,151112.24,15500.00,368000.00,144000.00,7404500.00,49,46625.00,3.09,21.80,17.80
370630003011,72209.68,10500.00,140000.00,71000.00,2238500.00,31,28083.00,2.53,25.40,21.50
370630004021,95491.38,25000.00,157000.00,93750.00,5538500.00,58,26781.00,3.50,29.60,22.50
370630020171,233044.72,12000.00,657000.00,231250.00,57329000.00,246,82212.00,2.81,35.30,16.80
370630020152,141010.42,10000.00,330000.00,128500.00,6768500.00,48,30291.00,4.24,27.70,18.60
370630004012,148688.52,36000.00,240000.00,155000.00,9070000.00,61,50263.00,3.08,27.20,16.20
370630015022,73125.00,62000.00,81500.00,74500.00,292500.00,4,20680.00,3.60,27.30,27.50
370630018012,101162.16,43000.00,162000.00,105500.00,3743000.00,37,42404.00,2.49,32.60,22.30
370630003021,135865.08,2000.00,335000.00,130000.00,8559500.00,63,56010.00,2.32,27.90,15.30
370630002001,96861.11,20000.00,167000.00,95250.00,3487000.00,36,36250.00,2.63,27.20,20.00
370630003013,113886.74,15000.00,410500.00,81000.00,3074942.00,27,27708.00,2.92,25.00,22.20
370630003022,132166.67,12500.00,280000.00,125000.00,5551000.00,42,29917.00,4.18,31.40,19.80
370630003023,210102.70,10300.00,525000.00,186000.00,7773800.00,37,31961.00,5.82,30.70,18.80
370630015031,90000.00,90000.00,90000.00,90000.00,90000.00,1,8750.00,10.29,50.00,0.00
370630005001,71500.00,35000.00,108000.00,71500.00,143000.00,2,11151.00,6.41,50.00,10.00
370630010021,68750.00,15000.00,131000.00,72750.00,3300000.00,48,24726.00,2.94,27.10,18.20
370630018021,92780.27,10000.00,152000.00,99500.00,13638700.00,147,40477.00,2.46,23.20,20.90
370630005002,72735.29,47000.00,103000.00,80000.00,1236500.00,17,26688.00,3.00,27.00,21.00
370630018042,142048.74,59000.00,313000.00,132250.00,45171500.00,318,60400.00,2.19,24.30,20.50
370630009001,35500.00,5000.00,75000.00,24750.00,639000.00,18,20086.00,1.23,25.40,24.00
370630009002,40546.03,4065.00,138000.00,36250.00,1378565.00,34,18036.00,2.01,29.90,35.30
370630010024,51428.57,17000.00,85000.00,52000.00,1800000.00,35,23420.00,2.22,24.60,23.60
370630007001,152500.00,17000.00,360000.00,105000.00,1677500.00,11,11197.00,9.38,28.70,25.00
370630008011,NaN,NaN,NaN,NaN,NaN,NaN,NaN,NaN,NaN,NaN
370630006002,176056.70,10000.00,322000.00,178000.00,17077500.00,97,47000.00,3.79,24.80,13.60
370630010011,56514.29,20000.00,180000.00,58500.00,1978000.00,35,27727.00,2.11,33.10,22.20
370630012011,90416.34,9500.00,410500.00,64250.00,2893323.00,32,18893.00,3.40,33.20,17.30
370630018054,157425.78,1000.00,292000.00,157500.00,43134665.00,274,68750.00,2.29,37.50,22.50
370630019001,144136.36,60000.00,372500.00,125000.00,1585500.00,11,41467.00,3.01,23.40,15.20
370630005004,42075.20,6500.00,138000.00,29500.00,1472632.00,35,22847.00,1.29,26.80,29.80
370630018022,94004.27,5000.00,180000.00,98000.00,12220555.00,130,36989.00,2.65,29.30,18.60
370630010023,63576.92,17000.00,180000.00,58250.00,1653000.00,26,37500.00,1.55,17.90,12.40
370630012021,50714.29,17500.00,87000.00,53000.00,355000.00,7,15981.00,3.32,18.50,22.30
370630010012,63942.86,19000.00,410500.00,55000.00,2238000.00,35,11563.00,4.76,34.00,16.80
370630020172,219982.14,25500.00,540000.00,211500.00,12319000.00,56,70833.00,2.99,36.40,16.60
370630011002,50777.78,4000.00,80000.00,58000.00,1371000.00,27,17206.00,3.37,30.00,16.40
370630007002,193022.39,15000.00,550000.00,180000.00,12932500.00,67,65238.00,2.76,32.50,16.30
370630006001,112458.81,16000.00,290000.00,102000.00,15519316.00,138,45536.00,2.24,25.70,18.20
370630010013,52898.21,3000.00,410500.00,40000.00,2962300.00,56,21964.00,1.82,27.50,25.30
370630014002,53304.35,7000.00,138000.00,56000.00,1226000.00,23,16653.00,3.36,25.30,14.80
370630007003,146807.69,16000.00,465000.00,150500.00,11451000.00,78,55833.00,2.70,24.60,18.10
370630013012,55000.00,5000.00,135000.00,55500.00,605000.00,11,13203.00,4.20,47.20,37.50
370630013031,61040.00,8000.00,175000.00,62000.00,1526000.00,25,25494.00,2.43,27.80,19.80
370630020151,120708.74,18000.00,265000.00,125000.00,12433000.00,103,48287.00,2.59,24.70,20.30
370630020091,80075.00,5000.00,123000.00,84000.00,3203000.00,40,36840.00,2.28,32.50,23.60
370630018053,96384.62,500.00,259000.00,107000.00,3759000.00,39,49732.00,2.15,15.50,14.60
370630013032,65757.89,2900.00,191000.00,55000.00,1249400.00,19,37875.00,1.45,21.60,21.10
370630014001,62000.00,19000.00,137000.00,57000.00,806000.00,13,21793.00,2.62,23.30,14.60
370630020092,84580.00,28000.00,270000.00,77000.00,2114500.00,25,39643.00,1.94,24.00,22.80
370630020141,108267.86,10000.00,301500.00,109000.00,12126000.00,112,45643.00,2.39,22.00,19.20
370630013041,67527.54,1000.00,120000.00,76500.00,3646487.00,54,21567.00,3.55,27.10,23.50
370630020093,80429.55,7500.00,137000.00,80000.00,3538900.00,44,42070.00,1.90,27.80,22.60
370630020071,144687.50,25000.00,245500.00,149500.00,12732500.00,88,59107.00,2.53,20.80,17.50
370630020161,131019.23,11000.00,234000.00,131500.00,3406500.00,26,30757.00,4.28,26.10,24.20
370630018051,86233.33,18000.00,185000.00,86000.00,2587000.00,30,39083.00,2.20,22.90,20.60
370630020072,188319.67,107000.00,700000.00,155000.00,11487500.00,61,59375.00,2.61,23.40,21.10
370630020182,183558.95,14500.00,442500.00,164000.00,42035000.00,229,62625.00,2.62,26.60,19.60
370630020073,139945.95,75000.00,322500.00,125500.00,5178000.00,37,68438.00,1.83,25.30,19.30
370630020101,110846.15,14000.00,189000.00,127000.00,1441000.00,13,38500.00,3.30,25.50,19.10
370630020081,333209.09,41000.00,1800000.00,290000.00,18326500.00,55,162716.00,1.78,22.50,13.60
370630020181,248721.52,50000.00,790000.00,197000.00,19649000.00,79,57206.00,3.44,28.80,14.00
370630020103,125983.17,200.00,622500.00,133000.00,39936666.00,317,48281.00,2.75,43.80,22.40
370630020082,243351.43,36000.00,700000.00,227500.00,42586500.00,175,89874.00,2.53,17.70,15.50
370630020102,120743.65,4000.00,224000.00,120000.00,29219963.00,242,59167.00,2.03,22.70,20.90
370630020113,166658.86,16000.00,622500.00,160500.00,86495947.00,519,76744.00,2.09,21.90,20.50
370630018052,136250.00,11500.00,292500.00,141500.00,12807500.00,94,55000.00,2.57,23.60,18.30
370630020142,266000.00,266000.00,266000.00,266000.00,266000.00,1,43077.00,6.17,21.00,0.00
370630020111,162800.00,7000.00,239000.00,160750.00,24420000.00,150,57500.00,2.80,24.70,21.50
370630020143,141362.07,95000.00,173500.00,140750.00,8199000.00,58,55625.00,2.53,20.20,19.10
370630020112,163476.92,14000.00,225000.00,164500.00,10626000.00,65,54894.00,3.00,21.10,18.40
370630020123,160508.88,31500.00,374000.00,150750.00,54252000.00,338,54024.00,2.79,23.60,22.40
370630020122,183256.76,29000.00,255000.00,191750.00,13561000.00,74,44950.00,4.27,22.00,19.40
370630020121,206793.10,20000.00,332000.00,212000.00,29985000.00,145,61642.00,3.44,24.00,17.60
370630020131,126318.18,88000.00,245000.00,118000.00,9726500.00,77,70134.00,1.68,18.80,19.30
370630020124,218770.43,17500.00,849000.00,215000.00,91008500.00,416,90123.00,2.39,18.90,20.50
370630020132,116860.47,81500.00,184000.00,116000.00,5025000.00,43,53929.00,2.15,23.00,18.20
370630020133,157646.88,57000.00,215000.00,163500.00,50447000.00,320,75727.00,2.16,28.50,20.60
