id,meansp9800,meansp9800a17,minsp9800,minsp9800a17,maxsp9800,maxsp9800a17,mediansp9800,mediansp9800a17,totsp9800,totsp9800a17,nums9800,mhi99,mhi99a17,pir9800,mgr_phi99,mmoc_phi99,pop00,ptwhnl00,ptblknl00,ptnanl00,ptasnl00,ptpanl00,ptothnl00,pt2mnl00,ptlat00,mean_sfno2001,tot_sfno2001,num_sfno2001,mean_sfoo2001,tot_sfoo2001,num_sfoo2001,prc_sfno2001
370630015021,63800.00,93516.62,45000.00,65960.00,81000.00,118728.00,65000.00,95275.56,319000.00,467583.11,5.00,23582.00,34565.97,2.76,28.60,32.50,3366,23.41,42.25,0.30,6.95,0.00,0.27,2.53,24.30,57271.00,458168.00,8.00,67991.38,3807517.00,56.00,12.50
370630003012,72109.76,105696.88,10000.00,14657.78,235000.00,344457.78,74000.00,108467.56,2956500.00,4333572.00,41.00,30592.00,44841.07,2.42,22.10,16.60,735,12.79,62.18,0.00,0.00,0.00,0.00,0.00,25.03,60980.50,1829415.00,30.00,86699.23,5982247.00,69.00,30.30
370630013011,55014.40,80638.88,500.00,732.89,90000.00,131920.00,62500.00,91611.11,1100288.00,1612777.70,20.00,21419.00,31395.49,2.92,37.30,16.70,862,1.51,98.49,0.00,0.00,0.00,0.00,0.00,0.00,56261.70,1294019.00,23.00,68638.75,7550262.00,110.00,17.29
370630002003,119020.46,174457.55,45000.00,65960.00,240000.00,351786.67,113500.00,166365.78,6189064.00,9071792.48,52.00,40208.00,58935.99,2.82,28.20,15.00,939,52.18,26.41,0.00,5.00,0.00,0.00,0.00,16.40,88912.33,533474.00,6.00,122304.85,24583274.00,201.00,2.90
370630011001,40259.62,59011.66,6000.00,8794.67,192000.00,281429.33,35000.00,51302.22,2093500.00,3068605.78,52.00,16328.00,23933.22,2.14,27.90,10.00,2133,5.81,66.81,0.00,2.67,0.00,0.00,0.00,24.71,44563.50,1693413.00,38.00,55917.46,3131378.00,56.00,40.43
370630017053,107262.71,157223.30,36500.00,53500.89,200000.00,293155.56,101000.00,148043.56,6328500.00,9276174.67,59.00,38854.00,56951.33,2.60,21.60,20.70,887,54.00,39.57,0.00,0.45,0.00,0.00,0.00,5.97,91839.63,1744953.00,19.00,106083.83,26520957.00,250.00,7.06
370630005003,40907.41,59961.17,1000.00,1465.78,138000.00,202277.33,35000.00,51302.22,1104500.00,1618951.56,27.00,23343.00,34215.65,1.50,25.80,20.60,1080,2.41,75.83,0.83,0.00,0.00,0.74,1.94,18.24,47073.36,517807.00,11.00,63040.12,3152006.00,50.00,18.03
370630010022,74051.62,108543.22,25000.00,36644.44,150000.00,219866.67,81500.00,119460.89,1925342.00,2822123.52,26.00,29327.00,42986.86,2.78,23.50,13.00,825,21.94,72.00,0.00,0.00,0.00,0.00,0.00,6.06,60142.00,120284.00,2.00,78386.34,7446702.00,95.00,2.06
370630021001,297026.72,435375.17,27000.00,39576.00,1575000.00,2308600.00,225000.00,329800.00,38910500.00,57034146.22,131.00,77387.00,113432.14,2.91,13.80,21.50,1682,87.57,8.98,0.00,2.14,0.00,0.00,1.31,0.00,369184.00,4799392.00,13.00,374871.73,143950744.00,384.00,3.27
370630021003,172754.39,253219.55,22500.00,32980.00,395000.00,578982.22,192000.00,281429.33,9847000.00,14433513.78,57.00,60357.00,88469.95,3.18,13.60,14.50,1928,83.77,11.93,0.00,0.00,0.00,0.00,0.78,3.53,228794.60,4575892.00,20.00,215444.09,47828588.00,222.00,8.26
370630021002,156818.97,229861.76,18500.00,27116.89,380000.00,556995.56,147250.00,215835.78,9095500.00,13331981.78,58.00,57917.00,84893.45,2.54,19.10,20.00,2211,77.61,19.13,0.00,0.81,0.00,0.00,0.32,2.13,185747.54,2414718.00,13.00,240819.97,56351874.00,234.00,5.26
370630016034,207415.38,304024.85,27000.00,39576.00,466000.00,683052.44,227000.00,332731.56,26964000.00,39523232.00,130.00,62202.00,91174.31,3.65,23.60,18.50,1752,92.92,5.14,0.00,1.54,0.00,0.00,0.40,0.00,202007.77,2626101.00,13.00,220418.20,100290279.00,455.00,2.78
370630016011,180271.43,264237.86,65000.00,95275.56,332500.00,487371.11,140000.00,205208.89,6309500.00,9248324.89,35.00,52344.00,76724.67,2.67,36.40,19.70,878,78.25,15.60,0.00,0.00,0.00,0.00,0.23,5.92,129220.67,2713634.00,21.00,141008.18,28201635.00,200.00,9.50
370630016033,114404.76,167691.95,6000.00,8794.67,163000.00,238921.78,127000.00,186153.78,4805000.00,7043062.22,42.00,56083.00,82205.22,2.26,24.50,20.70,1243,87.53,7.72,0.00,3.30,0.00,0.00,0.00,1.45,117996.25,2359925.00,20.00,132298.09,47495015.00,359.00,5.28
370630015011,,,,,,,,,,,,,,,,,2981,72.63,8.02,0.30,13.82,0.00,0.00,1.95,3.29,,,,,,,
370630016043,162902.44,238778.78,20000.00,29315.56,408000.00,598037.33,141250.00,207041.11,13358000.00,19579859.56,82.00,66591.00,97607.61,2.12,24.00,16.30,1339,73.86,22.70,0.00,1.34,0.00,0.00,0.00,2.09,217083.58,2605003.00,12.00,174309.26,52118468.00,299.00,3.86
370630002002,68903.85,100997.73,7500.00,10993.33,116000.00,170030.22,73500.00,107734.67,1791500.00,2625940.89,26.00,32760.00,48018.88,2.24,25.30,17.50,1405,19.00,62.13,0.29,0.50,0.00,0.00,1.92,16.16,62209.87,933148.00,15.00,76815.28,6759745.00,88.00,14.56
370630016013,128965.75,189035.13,21500.00,31514.22,230000.00,337128.89,127000.00,186153.78,9414500.00,13799564.89,73.00,49352.00,72339.06,2.57,27.80,16.30,1905,81.99,11.86,2.89,0.42,0.00,0.68,1.05,1.10,121931.68,3414087.00,28.00,136821.61,72515451.00,530.00,5.02
370630016032,155596.39,228069.73,32000.00,46904.89,299000.00,438267.56,143750.00,210705.56,25829000.00,37859574.22,166.00,64973.00,95235.98,2.21,42.50,19.30,1839,81.13,13.92,4.95,0.00,0.00,0.00,0.00,0.00,173252.94,3118553.00,18.00,143943.36,83631094.00,581.00,3.01
370630016042,181337.58,265800.60,22000.00,32247.11,413000.00,605366.22,180000.00,263840.00,28470000.00,41730693.33,157.00,85631.00,125516.02,2.10,17.50,16.00,2684,84.17,13.71,0.34,1.60,0.00,0.00,0.19,0.00,191304.61,6313052.00,33.00,196269.95,165848105.00,845.00,3.76
370630008021,75717.39,110984.87,4500.00,6596.00,250000.00,366444.44,69000.00,101138.67,1741500.00,2552652.00,23.00,28068.00,41141.45,2.46,23.50,18.50,1001,25.97,52.45,0.00,1.40,0.00,0.00,3.50,16.68,51765.10,517651.00,10.00,95319.15,5242553.00,55.00,15.38
370630018015,96289.47,141138.97,18000.00,26384.00,285000.00,417746.67,48500.00,71090.22,1829500.00,2681640.44,19.00,49583.00,72677.66,0.98,21.70,17.90,731,80.85,16.69,0.00,0.00,0.00,0.00,0.00,2.46,165058.50,1650585.00,10.00,160209.26,15059670.00,94.00,9.62
370630016012,146278.64,214411.98,18500.00,27116.89,250000.00,366444.44,145000.00,212537.78,47248000.00,69255068.44,323.00,65263.00,95661.06,2.22,27.20,19.00,2733,63.26,27.77,0.00,5.60,0.00,0.00,1.13,2.23,134154.79,4427108.00,33.00,152122.96,138431898.00,910.00,3.50
370630016041,168737.14,247331.15,36000.00,52768.00,516000.00,756341.33,154500.00,226462.67,29529000.00,43282952.00,175.00,84376.00,123676.47,1.83,21.00,14.80,1327,92.99,1.66,0.00,0.00,0.00,0.75,1.58,3.01,122560.43,2818890.00,23.00,157302.10,74089289.00,471.00,4.66
370630016031,125752.75,184325.59,28500.00,41774.67,185000.00,271168.89,130000.00,190551.11,5533121.00,8110325.80,44.00,54453.00,79816.00,2.39,45.00,15.90,715,78.18,21.82,0.00,0.00,0.00,0.00,0.00,0.00,128235.06,2051761.00,16.00,129603.34,27994321.00,216.00,6.90
370630017081,97458.33,142852.25,10000.00,14657.78,230000.00,337128.89,100500.00,147310.67,4678000.00,6856908.44,48.00,39833.00,58386.33,2.52,26.00,19.30,2720,14.08,81.36,0.00,0.22,0.00,0.00,3.31,1.03,94628.10,2744215.00,29.00,107749.64,60124297.00,558.00,4.94
370630017101,134039.06,196471.48,78000.00,114330.67,280000.00,410417.78,130500.00,191284.00,17157000.00,25148349.33,128.00,43750.00,64127.78,2.98,28.60,20.50,1743,58.46,37.92,0.52,1.21,0.00,0.00,0.00,1.89,121612.63,2310640.00,19.00,128911.63,50275534.00,390.00,4.65
370630017071,214091.89,313811.13,32500.00,47637.78,821000.00,1203403.56,177000.00,259442.67,39607000.00,58055060.44,185.00,60963.00,89358.21,2.90,33.40,17.10,2854,88.96,5.89,0.00,3.15,0.00,0.00,2.00,0.00,154964.63,5888656.00,38.00,219200.82,145330144.00,663.00,5.42
370630017093,76390.24,111971.12,13000.00,19055.11,132000.00,193482.67,80000.00,117262.22,3132000.00,4590816.00,41.00,21955.00,32181.15,3.64,28.10,30.70,2583,19.36,72.78,0.50,0.00,0.00,0.00,0.50,6.85,50258.00,954902.00,19.00,92944.61,18774811.00,202.00,8.60
370630017111,108038.46,158360.37,80000.00,117262.22,147500.00,216202.22,105750.00,155006.00,2809000.00,4117369.78,26.00,33854.00,49622.44,3.12,28.30,14.20,902,59.65,34.81,0.00,2.44,0.00,0.00,0.00,3.10,95416.44,858748.00,9.00,110224.47,15100752.00,137.00,6.16
370630018041,99808.02,146296.38,24000.00,35178.67,138000.00,202277.33,108750.00,159403.33,4191937.00,6144448.10,42.00,46648.00,68375.60,2.33,22.50,19.40,1700,93.29,2.94,0.00,0.00,0.00,0.00,0.00,3.77,102447.58,1229371.00,12.00,119189.35,37544646.00,315.00,3.67
370630018013,89335.37,130945.80,38000.00,55699.56,114000.00,167098.67,93250.00,136683.78,7325500.00,10737555.11,82.00,43779.00,64170.29,2.13,39.60,25.80,2089,27.86,57.49,0.00,1.15,0.00,0.00,3.26,10.24,90546.50,1448744.00,16.00,92235.88,41967324.00,455.00,3.40
370630017113,86400.00,126643.20,66000.00,96741.33,105000.00,153906.67,94000.00,137783.11,432000.00,633216.00,5.00,35794.00,52466.05,2.63,28.80,23.80,1493,40.39,45.55,0.00,1.27,0.00,0.00,11.32,1.47,67023.00,67023.00,1.00,88906.05,1867027.00,21.00,4.55
370630017072,167716.87,245835.66,20000.00,29315.56,346500.00,507892.00,160000.00,234524.44,27841000.00,40808719.11,166.00,75130.00,110123.88,2.13,13.70,17.50,2464,90.91,5.36,0.28,1.62,0.00,0.00,0.85,0.97,175723.91,3865926.00,22.00,176339.69,142306129.00,807.00,2.65
370630017112,408500.00,598770.22,116000.00,170030.22,691000.00,1012852.44,413500.00,606099.11,1634000.00,2395080.89,4.00,37328.00,54714.55,11.08,23.40,19.20,1401,34.48,45.04,2.28,3.00,0.00,0.29,1.86,13.06,,,,140753.45,3096576.00,22.00,
370630017102,114402.78,167689.05,89500.00,131187.11,136000.00,199345.78,116000.00,170030.22,4118500.00,6036805.78,36.00,45691.00,66972.85,2.54,21.50,24.10,1427,36.79,47.58,1.47,5.33,0.00,0.28,4.21,4.35,126759.60,633798.00,5.00,114854.60,20329264.00,177.00,2.75
370630018014,61235.29,89757.33,8000.00,11726.22,124500.00,182489.33,64500.00,94542.67,1041000.00,1525874.67,17.00,37250.00,54600.22,1.73,14.70,18.80,736,82.20,10.33,0.00,2.72,0.00,0.00,0.00,4.75,67755.31,1084085.00,16.00,86831.33,9811940.00,113.00,12.40
370630017091,66476.18,97439.31,4000.00,5863.11,116000.00,170030.22,74000.00,108467.56,2193714.00,3215497.23,33.00,35781.00,52446.99,2.07,28.60,26.30,960,1.98,97.19,0.00,0.00,0.00,0.00,0.83,0.00,54054.88,918933.00,17.00,75491.24,13437440.00,178.00,8.72
370630017051,117000.45,171496.66,50000.00,73288.89,177500.00,260175.56,119000.00,174427.56,9945038.00,14577215.70,85.00,47500.00,69624.44,2.51,21.10,19.50,1583,71.38,21.73,0.00,4.55,0.00,0.00,0.76,1.58,116727.17,1400726.00,12.00,124149.17,66916400.00,539.00,2.18
370630019002,167736.84,245864.93,37000.00,54233.78,500000.00,732888.89,186750.00,273734.00,6374000.00,9342867.56,38.00,50938.00,74663.79,3.67,30.80,20.20,896,89.06,8.82,0.00,0.00,0.00,0.00,2.12,0.00,291056.50,582113.00,2.00,200467.77,17641164.00,88.00,2.22
370630017052,204168.67,299265.90,3000.00,4397.33,735000.00,1077346.67,120500.00,176626.22,16946000.00,24839070.22,83.00,37401.00,54821.55,3.22,37.10,21.30,1604,92.14,6.61,0.00,1.25,0.00,0.00,0.00,0.00,90932.47,1545852.00,17.00,207168.00,77687999.00,375.00,4.34
370630001021,92376.40,135403.27,22000.00,32247.11,270000.00,395760.00,93000.00,136317.33,16443000.00,24101784.00,178.00,33942.00,49751.43,2.74,23.70,19.90,4462,47.33,31.06,0.47,0.83,0.00,0.00,1.23,19.07,97248.50,3500946.00,36.00,103453.16,74382825.00,719.00,4.77
370630018011,108236.14,158650.13,6000.00,8794.67,180000.00,263840.00,117500.00,172228.89,9957725.00,14595812.02,92.00,53516.00,78442.56,2.20,16.10,16.10,1301,49.96,49.12,0.00,0.92,0.00,0.00,0.00,0.00,76116.70,761167.00,10.00,118517.49,38755220.00,327.00,2.97
370630017092,82495.08,120919.46,6000.00,8794.67,240000.00,351786.67,78000.00,114330.67,4289744.00,6287811.43,52.00,40893.00,59940.05,1.91,24.80,22.90,966,0.00,98.34,0.00,0.00,0.00,0.00,1.66,0.00,58496.86,409478.00,7.00,76010.48,13529865.00,178.00,3.78
370630001012,82905.06,121520.39,19000.00,27849.78,326000.00,477843.56,80000.00,117262.22,6549500.00,9600111.56,79.00,29167.00,42752.34,2.74,21.80,24.30,2062,20.08,65.33,0.34,2.43,0.00,0.00,0.29,11.54,78213.26,1486052.00,19.00,78591.24,28764394.00,366.00,4.94
370630017073,112984.85,165610.68,20000.00,29315.56,154000.00,225729.78,119000.00,174427.56,3728500.00,5465152.44,33.00,48672.00,71342.34,2.44,23.90,16.90,585,86.67,12.14,0.00,0.00,0.00,0.00,0.00,1.20,114895.71,1608540.00,14.00,132508.57,23851542.00,180.00,7.22
370630018043,121430.75,177990.49,40000.00,58631.11,345000.00,505693.33,118000.00,172961.78,51729500.00,75823951.56,426.00,53091.00,77819.61,2.22,37.20,22.80,2887,44.16,49.95,0.00,0.00,0.00,0.00,5.27,0.62,116118.21,4412492.00,38.00,123884.95,123265528.00,995.00,3.68
370630001011,,,,,,,,,,,,,,,,,1089,59.87,34.16,0.00,0.00,0.00,0.00,0.00,5.97,,,,,,,
370630017061,203902.68,298876.02,20000.00,29315.56,545500.00,799581.78,175000.00,256511.11,30381500.00,44532527.56,149.00,42398.00,62146.05,4.13,26.50,21.50,3847,66.94,19.24,0.00,6.47,0.00,0.00,3.33,4.03,134006.96,3216167.00,24.00,181940.74,87513496.00,481.00,4.75
370630018044,103933.96,152344.09,24000.00,35178.67,175000.00,256511.11,104000.00,152440.89,5508500.00,8074236.89,53.00,37372.00,54779.05,2.78,27.50,19.20,1879,56.15,42.63,0.00,0.00,0.00,0.00,0.00,1.22,84009.16,1596174.00,19.00,105844.19,27837022.00,263.00,6.74
370630004011,108487.01,159017.85,27000.00,39576.00,235000.00,344457.78,100000.00,146577.78,8353500.00,12244374.67,77.00,45132.00,66153.48,2.22,41.30,16.40,1062,71.00,22.60,0.75,0.38,0.00,0.00,0.00,5.27,93737.95,1781021.00,19.00,107581.30,36039737.00,335.00,5.37
370630018023,68416.28,100283.06,10000.00,14657.78,105000.00,153906.67,78500.00,115063.56,2941900.00,4312171.64,43.00,26700.00,39136.27,2.94,19.40,36.00,710,32.25,54.65,0.00,0.00,0.00,0.00,0.70,12.39,71040.16,1349763.00,19.00,72619.62,13289390.00,183.00,9.41
370630004013,151112.24,221496.96,15500.00,22719.56,368000.00,539406.22,144000.00,211072.00,7404500.00,10853351.56,49.00,46625.00,68341.89,3.09,21.80,17.80,668,80.99,12.57,0.75,2.54,0.00,0.00,3.14,0.00,111870.13,894961.00,8.00,152811.36,24908251.00,163.00,4.68
370630003011,72209.68,105843.34,10500.00,15390.67,140000.00,205208.89,71000.00,104070.22,2238500.00,3281143.56,31.00,28083.00,41163.44,2.53,25.40,21.50,1027,30.96,48.78,0.00,0.00,0.68,1.17,4.28,14.12,65174.53,1238316.00,19.00,82585.48,8836646.00,107.00,15.08
370630004021,95491.38,139969.14,25000.00,36644.44,157000.00,230127.11,93750.00,137416.67,5538500.00,8118210.22,58.00,26781.00,39254.99,3.50,29.60,22.50,1433,67.97,15.70,0.42,0.00,0.00,0.49,4.26,11.16,70815.05,1345486.00,19.00,93331.40,19879589.00,213.00,8.19
370630020171,233044.72,341591.77,12000.00,17589.33,657000.00,963016.00,231250.00,338961.11,57329000.00,84031574.22,246.00,82212.00,120504.52,2.81,35.30,16.80,3782,83.98,6.82,0.00,4.79,0.00,0.37,2.91,1.14,208240.87,6455467.00,31.00,236414.21,219628800.00,929.00,3.23
370630020152,141010.42,206689.94,10000.00,14657.78,330000.00,483706.67,128500.00,188352.44,6768500.00,9921116.89,48.00,30291.00,44399.87,4.24,27.70,18.60,2224,41.59,36.65,0.00,9.08,0.00,0.00,0.00,12.68,274419.75,1097679.00,4.00,207415.93,14519115.00,70.00,5.41
370630004012,148688.52,217944.33,36000.00,52768.00,240000.00,351786.67,155000.00,227195.56,9070000.00,13294604.44,61.00,50263.00,73674.39,3.08,27.20,16.20,963,92.52,3.95,0.00,3.22,0.00,0.00,0.00,0.31,126976.88,1015815.00,8.00,147054.47,46322159.00,315.00,2.48
370630015022,73125.00,107185.00,62000.00,90878.22,81500.00,119460.89,74500.00,109200.44,292500.00,428740.00,4.00,20680.00,30312.28,3.60,27.30,27.50,2759,23.52,37.22,0.62,17.11,0.51,0.00,2.46,18.56,93813.00,375252.00,4.00,67801.00,610209.00,9.00,30.77
370630018012,101162.16,148281.25,43000.00,63028.44,162000.00,237456.00,105500.00,154639.56,3743000.00,5486406.22,37.00,42404.00,62154.84,2.49,32.60,22.30,649,49.61,48.54,0.00,0.00,0.00,0.00,0.00,1.85,79381.74,1825780.00,23.00,103944.14,18190224.00,175.00,11.62
370630003021,135865.08,199148.02,2000.00,2931.56,335000.00,491035.56,130000.00,190551.11,8559500.00,12546324.89,63.00,56010.00,82098.21,2.32,27.90,15.30,743,75.24,18.71,0.00,2.69,0.00,0.00,0.00,3.36,119399.60,596998.00,5.00,144473.05,39441144.00,273.00,1.80
370630002001,96861.11,141976.86,20000.00,29315.56,167000.00,244784.89,95250.00,139615.33,3487000.00,5111167.11,36.00,36250.00,53134.44,2.63,27.20,20.00,772,38.99,52.20,0.00,0.00,0.00,0.00,1.94,6.87,88249.91,970749.00,11.00,102893.11,16154219.00,157.00,6.55
370630003013,113886.74,166932.65,15000.00,21986.67,410500.00,601701.78,81000.00,118728.00,3074942.00,4507181.65,27.00,27708.00,40613.77,2.92,25.00,22.20,592,44.93,51.52,0.00,0.84,0.00,0.00,0.00,2.70,79401.33,714612.00,9.00,111632.02,6474657.00,58.00,13.43
370630003022,132166.67,193726.97,12500.00,18322.22,280000.00,410417.78,125000.00,183222.22,5551000.00,8136532.44,42.00,29917.00,43851.67,4.18,31.40,19.80,1084,47.05,42.34,0.00,0.55,0.00,0.00,0.00,10.05,100756.19,1612099.00,16.00,138442.35,22289218.00,161.00,9.04
370630003023,210102.70,307963.87,10300.00,15097.51,525000.00,769533.33,186000.00,272634.67,7773800.00,11394663.29,37.00,31961.00,46847.72,5.82,30.70,18.80,1700,59.35,20.65,0.00,3.00,0.00,0.00,0.00,17.00,103082.83,1236994.00,12.00,178879.23,29336194.00,164.00,6.82
370630015031,90000.00,131920.00,90000.00,131920.00,90000.00,131920.00,90000.00,131920.00,90000.00,131920.00,1.00,8750.00,12825.56,10.29,50.00,0.00,1721,67.87,6.68,0.00,15.69,0.00,0.00,3.37,6.39,,,,,,,
370630005001,71500.00,104803.11,35000.00,51302.22,108000.00,158304.00,71500.00,104803.11,143000.00,209606.22,2.00,11151.00,16344.89,6.41,50.00,10.00,1226,60.20,20.96,0.98,12.72,0.00,0.00,2.37,2.77,,,,66482.29,465376.00,7.00,
370630010021,68750.00,100772.22,15000.00,21986.67,131000.00,192016.89,72750.00,106635.33,3300000.00,4837066.67,48.00,24726.00,36242.82,2.94,27.10,18.20,2830,7.81,73.64,0.00,0.00,0.00,0.35,1.98,16.22,67211.77,873753.00,13.00,76220.04,22256252.00,292.00,4.26
370630018021,92780.27,135995.26,10000.00,14657.78,152000.00,222798.22,99500.00,145844.89,13638700.00,19991303.38,147.00,40477.00,59330.29,2.46,23.20,20.90,3938,17.45,57.34,0.00,0.97,0.00,0.33,2.06,21.86,81881.06,2702075.00,33.00,99795.25,67960563.00,681.00,4.62
370630005002,72735.29,106613.77,47000.00,68891.56,103000.00,150975.11,80000.00,117262.22,1236500.00,1812434.22,17.00,26688.00,39118.68,3.00,27.00,21.00,734,27.93,54.22,0.00,4.77,0.00,1.09,1.77,10.22,62160.76,1056733.00,17.00,78270.74,4461432.00,57.00,22.97
370630018042,142048.74,208211.89,59000.00,86480.89,313000.00,458788.44,132250.00,193849.11,45171500.00,66211380.89,318.00,60400.00,88532.98,2.19,24.30,20.50,2455,40.65,52.38,0.73,0.41,0.00,0.85,0.29,4.68,137224.38,3979507.00,29.00,133765.90,108216613.00,809.00,3.46
370630009001,35500.00,52035.11,5000.00,7328.89,75000.00,109933.33,24750.00,36278.00,639000.00,936632.00,18.00,20086.00,29441.61,1.23,25.40,24.00,900,1.56,55.56,0.00,0.00,0.00,0.67,1.44,40.78,43711.93,611967.00,14.00,52758.14,3059972.00,58.00,19.44
370630009002,40546.03,59431.47,4065.00,5958.39,138000.00,202277.33,36250.00,53134.44,1378565.00,2020669.94,34.00,18036.00,26436.77,2.01,29.90,35.30,1218,2.05,90.56,0.00,0.00,0.00,0.00,0.00,7.39,49267.73,1280961.00,26.00,53428.03,4701667.00,88.00,22.81
370630010024,51428.57,75382.86,17000.00,24918.22,85000.00,124591.11,52000.00,76220.44,1800000.00,2638400.00,35.00,23420.00,34328.52,2.22,24.60,23.60,1592,8.17,41.27,0.00,0.00,0.00,0.00,0.88,49.69,51226.30,512263.00,10.00,61982.33,5516427.00,89.00,10.10
370630007001,152500.00,223531.11,17000.00,24918.22,360000.00,527680.00,105000.00,153906.67,1677500.00,2458842.22,11.00,11197.00,16412.31,9.38,28.70,25.00,764,43.19,53.27,0.78,0.00,0.00,1.96,0.78,0.00,58563.14,409942.00,7.00,135210.25,7436564.00,55.00,11.29
370630008011,,,,,,,,,,,,,,,,,218,12.84,87.16,0.00,0.00,0.00,0.00,0.00,0.00,,,,,,,
370630006002,176056.70,258060.00,10000.00,14657.78,322000.00,471980.44,178000.00,260908.44,17077500.00,25031820.00,97.00,47000.00,68891.56,3.79,24.80,13.60,2745,43.46,34.24,0.00,1.17,0.55,0.00,0.95,19.64,141002.20,2820044.00,20.00,214474.87,104878209.00,489.00,3.93
370630010011,56514.29,82837.39,20000.00,29315.56,180000.00,263840.00,58500.00,85748.00,1978000.00,2899308.44,35.00,27727.00,40641.62,2.11,33.10,22.20,1300,6.39,71.46,0.00,0.00,0.00,0.00,6.00,16.15,63961.08,831494.00,13.00,65980.95,6993981.00,106.00,10.92
370630012011,90416.34,132530.26,9500.00,13924.89,410500.00,601701.78,64250.00,94176.22,2893323.00,4240968.56,32.00,18893.00,27692.94,3.40,33.20,17.30,1459,4.18,86.91,0.00,0.00,0.00,0.00,1.17,7.75,52962.75,635553.00,12.00,55743.56,2508460.00,45.00,21.05
370630018054,157425.78,230751.21,1000.00,1465.78,292000.00,428007.11,157500.00,230860.00,43134665.00,63225833.41,274.00,68750.00,100772.22,2.29,37.50,22.50,1593,66.54,28.75,0.75,1.63,0.00,0.00,1.95,0.38,146405.89,2635306.00,18.00,167983.52,98270360.00,585.00,2.99
370630019001,144136.36,211271.87,60000.00,87946.67,372500.00,546002.22,125000.00,183222.22,1585500.00,2323990.67,11.00,41467.00,60781.41,3.01,23.40,15.20,751,91.21,3.33,0.00,2.13,0.00,0.00,0.00,3.33,145526.90,1455269.00,10.00,144972.48,13627413.00,94.00,9.62
370630005004,42075.20,61672.89,6500.00,9527.56,138000.00,202277.33,29500.00,43240.44,1472632.00,2158551.26,35.00,22847.00,33488.62,1.29,26.80,29.80,1233,3.16,75.34,0.00,0.00,0.00,0.00,0.00,21.49,52941.76,1111777.00,21.00,62071.16,4344981.00,70.00,23.08
370630018022,94004.27,137789.37,5000.00,7328.89,180000.00,263840.00,98000.00,143646.22,12220555.00,17912617.95,130.00,36989.00,54217.65,2.65,29.30,18.60,1762,14.87,81.61,0.00,0.00,0.00,0.00,3.52,0.00,85603.50,1198449.00,14.00,92631.09,39090318.00,422.00,3.21
370630010023,63576.92,93189.64,17000.00,24918.22,180000.00,263840.00,58250.00,85381.56,1653000.00,2422930.67,26.00,37500.00,54966.67,1.55,17.90,12.40,883,13.14,73.61,0.00,0.00,0.00,0.00,1.59,11.67,57503.33,345020.00,6.00,67570.15,5338042.00,79.00,7.06
370630012021,50714.29,74335.88,17500.00,25651.11,87000.00,127522.67,53000.00,77686.22,355000.00,520351.11,7.00,15981.00,23424.59,3.32,18.50,22.30,979,2.04,92.14,2.96,0.00,0.00,0.00,2.86,0.00,38454.67,230728.00,6.00,73748.33,1327470.00,18.00,25.00
370630010012,63942.86,93726.02,19000.00,27849.78,410500.00,601701.78,55000.00,80617.78,2238000.00,3280410.67,35.00,11563.00,16948.79,4.76,34.00,16.80,1995,4.41,68.62,1.30,0.00,0.00,0.00,0.65,25.01,58009.13,464073.00,8.00,64180.91,7124081.00,111.00,6.72
370630020172,219982.14,322444.93,25500.00,37377.33,540000.00,791520.00,211500.00,310012.00,12319000.00,18056916.44,56.00,70833.00,103825.44,2.99,36.40,16.60,1087,92.73,0.92,0.00,2.94,0.00,1.01,0.74,1.66,127731.80,638659.00,5.00,223278.48,59168796.00,265.00,1.85
370630011002,50777.78,74428.94,4000.00,5863.11,80000.00,117262.22,58000.00,85015.11,1371000.00,2009581.33,27.00,17206.00,25220.17,3.37,30.00,16.40,1594,4.71,70.89,0.00,0.00,0.00,0.00,0.00,24.40,57372.00,631092.00,11.00,58332.31,4724917.00,81.00,11.96
370630007002,193022.39,282927.93,15000.00,21986.67,550000.00,806177.78,180000.00,263840.00,12932500.00,18956171.11,67.00,65238.00,95624.41,2.76,32.50,16.30,1017,78.07,13.67,2.66,0.00,0.00,0.00,0.00,5.61,165532.00,993192.00,6.00,190719.87,55118042.00,289.00,2.03
370630006001,112458.81,164839.62,16000.00,23452.44,290000.00,425075.56,102000.00,149509.33,15519316.00,22747868.52,138.00,45536.00,66745.66,2.24,25.70,18.20,2355,50.70,31.55,0.00,5.18,0.00,0.00,2.33,10.23,93252.63,2797579.00,30.00,117184.75,48162932.00,411.00,6.80
370630010013,52898.21,77537.02,3000.00,4397.33,410500.00,601701.78,40000.00,58631.11,2962300.00,4342073.51,56.00,21964.00,32194.34,1.82,27.50,25.30,1612,15.14,79.96,0.81,0.00,0.00,0.00,1.74,2.36,52103.82,1458907.00,28.00,65258.53,10767657.00,165.00,14.51
370630014002,53304.35,78132.33,7000.00,10260.44,138000.00,202277.33,56000.00,82083.56,1226000.00,1797043.56,23.00,16653.00,24409.60,3.36,25.30,14.80,2157,0.33,92.91,0.00,0.00,0.00,0.00,0.23,6.54,54262.05,1085241.00,20.00,61022.35,9580509.00,157.00,11.30
370630007003,146807.69,215187.45,16000.00,23452.44,465000.00,681586.67,150500.00,220599.56,11451000.00,16784621.33,78.00,55833.00,81838.77,2.70,24.60,18.10,1121,48.80,47.01,0.53,0.00,0.00,0.62,0.80,2.23,131912.78,1187215.00,9.00,166784.88,46532981.00,279.00,3.12
370630013012,55000.00,80617.78,5000.00,7328.89,135000.00,197880.00,55500.00,81350.67,605000.00,886795.56,11.00,13203.00,19352.66,4.20,47.20,37.50,544,0.00,95.77,0.00,0.00,0.00,0.00,0.00,4.23,55273.59,939651.00,17.00,65604.09,3017788.00,46.00,26.98
370630013031,61040.00,89471.08,8000.00,11726.22,175000.00,256511.11,62000.00,90878.22,1526000.00,2236776.89,25.00,25494.00,37368.54,2.43,27.80,19.80,2968,0.00,98.69,0.24,0.00,0.81,0.00,0.27,0.00,64447.19,1997863.00,31.00,77320.91,14536332.00,188.00,14.16
370630020151,120708.74,176932.19,18000.00,26384.00,265000.00,388431.11,125000.00,183222.22,12433000.00,18224015.11,103.00,48287.00,70778.01,2.59,24.70,20.30,3127,40.17,23.73,0.00,3.55,0.00,1.95,2.69,27.92,95118.22,856064.00,9.00,128612.16,36911691.00,287.00,3.04
370630020091,80075.00,117372.16,5000.00,7328.89,123000.00,180290.67,84000.00,123125.33,3203000.00,4694886.22,40.00,36840.00,53999.25,2.28,32.50,23.60,1867,0.00,96.09,0.00,0.00,0.00,0.00,2.84,1.07,77813.19,2100956.00,27.00,91845.68,43994082.00,479.00,5.34
370630018053,96384.62,141278.43,500.00,732.89,259000.00,379636.44,107000.00,156838.22,3759000.00,5509858.67,39.00,49732.00,72896.06,2.15,15.50,14.60,1428,75.00,8.96,0.00,0.56,0.00,0.00,1.19,14.29,89554.18,1970192.00,22.00,124570.38,31391737.00,252.00,8.03
370630013032,65757.89,96386.45,2900.00,4250.76,191000.00,279963.56,55000.00,80617.78,1249400.00,1831342.76,19.00,37875.00,55516.33,1.45,21.60,21.10,644,0.00,93.79,0.00,0.00,0.00,0.00,6.21,0.00,65841.82,724260.00,11.00,83182.63,11562385.00,139.00,7.33
370630014001,62000.00,90878.22,19000.00,27849.78,137000.00,200811.56,57000.00,83549.33,806000.00,1181416.89,13.00,21793.00,31943.70,2.62,23.30,14.60,1252,0.00,99.04,0.00,0.00,0.00,0.00,0.96,0.00,67805.86,474641.00,7.00,81403.22,8547338.00,105.00,6.25
370630020092,84580.00,123975.48,28000.00,41041.78,270000.00,395760.00,77000.00,112864.89,2114500.00,3099387.11,25.00,39643.00,58107.83,1.94,24.00,22.80,1052,0.00,86.31,0.00,0.00,0.00,0.00,0.00,13.69,70939.64,1773491.00,25.00,86954.86,23043038.00,265.00,8.62
370630020141,108267.86,158696.62,10000.00,14657.78,301500.00,441932.00,109000.00,159769.78,12126000.00,17774021.33,112.00,45643.00,66902.50,2.39,22.00,19.20,3135,53.88,26.76,0.32,14.39,0.00,0.00,2.04,2.62,102689.57,2875308.00,28.00,114617.46,52380180.00,457.00,5.77
370630013041,67527.54,98980.37,1000.00,1465.78,120000.00,175893.33,76500.00,112132.00,3646487.00,5344939.61,54.00,21567.00,31612.43,3.55,27.10,23.50,2912,0.21,82.66,0.00,0.00,0.00,0.00,0.00,17.14,71516.34,2073974.00,29.00,78432.13,25647305.00,327.00,8.15
370630020093,80429.55,117891.85,7500.00,10993.33,137000.00,200811.56,80000.00,117262.22,3538900.00,5187240.98,44.00,42070.00,61665.27,1.90,27.80,22.60,1867,0.96,95.07,0.00,0.00,0.00,1.50,2.46,0.00,82930.20,2073255.00,25.00,86570.66,43025619.00,497.00,4.79
370630020071,144687.50,212079.72,25000.00,36644.44,245500.00,359848.44,149500.00,219133.78,12732500.00,18663015.56,88.00,59107.00,86637.73,2.53,20.80,17.50,1647,71.65,24.41,0.36,1.15,0.00,0.00,0.00,2.43,132574.33,1193169.00,9.00,152852.17,67560661.00,442.00,2.00
370630020161,131019.23,192045.08,11000.00,16123.56,234000.00,342992.00,131500.00,192749.78,3406500.00,4993172.00,26.00,30757.00,45082.93,4.28,26.10,24.20,4122,35.47,32.87,0.36,6.33,0.00,0.32,3.25,21.40,169782.57,1188478.00,7.00,165416.56,12902492.00,78.00,8.24
370630018051,86233.33,126398.90,18000.00,26384.00,185000.00,271168.89,86000.00,126056.89,2587000.00,3791967.11,30.00,39083.00,57286.99,2.20,22.90,20.60,1168,79.28,9.25,0.00,0.00,0.00,0.34,0.00,11.13,75542.81,1586399.00,21.00,101882.20,22210319.00,218.00,8.79
370630020072,188319.67,276034.79,107000.00,156838.22,700000.00,1026044.44,155000.00,227195.56,11487500.00,16838122.22,61.00,59375.00,87030.56,2.61,23.40,21.10,2246,66.65,21.28,0.00,6.81,0.00,0.00,1.16,4.10,230644.86,3229028.00,14.00,189431.03,68384603.00,361.00,3.73
370630020182,183558.95,269056.63,14500.00,21253.78,442500.00,648606.67,164000.00,240387.56,42035000.00,61613968.89,229.00,62625.00,91794.33,2.62,26.60,19.60,3795,80.61,8.46,0.00,4.35,0.00,0.00,2.13,4.45,170190.52,8169145.00,48.00,202802.26,159808182.00,788.00,5.74
370630020073,139945.95,205129.66,75000.00,109933.33,322500.00,472713.33,125500.00,183955.11,5178000.00,7589797.33,37.00,68438.00,100314.90,1.83,25.30,19.30,817,31.95,67.20,0.00,0.00,0.00,0.00,0.86,0.00,124026.62,1612346.00,13.00,162383.49,39459189.00,243.00,5.08
370630020101,110846.15,162475.82,14000.00,20520.89,189000.00,277032.00,127000.00,186153.78,1441000.00,2112185.78,13.00,38500.00,56432.44,3.30,25.50,19.10,1608,12.87,53.61,0.68,7.52,0.00,0.00,3.11,22.20,164533.65,3290673.00,20.00,137092.86,28241130.00,206.00,8.85
370630020081,333209.09,488410.48,41000.00,60096.89,1800000.00,2638400.00,290000.00,425075.56,18326500.00,26862576.44,55.00,162716.00,238505.50,1.78,22.50,13.60,957,90.49,2.61,0.00,2.30,0.00,0.00,1.67,2.93,534220.38,4273763.00,8.00,400352.09,108895769.00,272.00,2.86
370630020181,248721.52,364570.48,50000.00,73288.89,790000.00,1157964.44,197000.00,288758.22,19649000.00,28801067.56,79.00,57206.00,83851.28,3.44,28.80,14.00,1359,82.19,11.11,0.00,5.45,0.52,0.00,0.44,0.29,204597.42,2455169.00,12.00,289740.08,110680709.00,382.00,3.05
370630020103,125983.17,184663.33,200.00,293.16,622500.00,912446.67,133000.00,194948.44,39936666.00,58538277.54,317.00,48281.00,70769.22,2.75,43.80,22.40,1990,9.85,89.30,0.85,0.00,0.00,0.00,0.00,0.00,110309.75,4853629.00,44.00,123809.08,87161590.00,704.00,5.88
370630020082,243351.43,356699.12,36000.00,52768.00,700000.00,1026044.44,227500.00,333464.44,42586500.00,62422345.33,175.00,89874.00,131735.31,2.53,17.70,15.50,1860,87.80,5.43,0.65,0.27,0.00,0.00,1.07,4.78,255622.39,4601203.00,18.00,280614.95,167527123.00,597.00,2.93
370630020102,120743.65,176983.36,4000.00,5863.11,224000.00,328334.22,120000.00,175893.33,29219963.00,42829972.43,242.00,59167.00,86725.67,2.03,22.70,20.90,3551,36.98,51.39,1.13,5.35,0.00,0.34,2.42,2.39,140880.58,3381134.00,24.00,136195.74,96562783.00,709.00,3.27
370630020113,166658.86,244284.85,16000.00,23452.44,622500.00,912446.67,160500.00,235257.33,86495947.00,126783836.98,519.00,76744.00,112489.65,2.09,21.90,20.50,2415,67.66,16.36,0.50,11.47,0.00,0.00,1.86,2.15,173339.67,3120114.00,18.00,176949.96,175888260.00,994.00,1.78
370630018052,136250.00,199712.22,11500.00,16856.44,292500.00,428740.00,141500.00,207407.56,12807500.00,18772948.89,94.00,55000.00,80617.78,2.57,23.60,18.30,1789,70.21,24.09,0.00,3.63,0.00,0.00,1.45,0.61,135463.00,3792964.00,28.00,148368.02,55638006.00,375.00,6.95
370630020142,266000.00,389896.89,266000.00,389896.89,266000.00,389896.89,266000.00,389896.89,266000.00,389896.89,1.00,43077.00,63141.31,6.17,21.00,0.00,580,60.00,15.00,0.00,11.38,0.00,0.00,4.66,8.97,88992.25,355969.00,4.00,300994.60,3009946.00,10.00,28.57
370630020111,162800.00,238628.62,7000.00,10260.44,239000.00,350320.89,160750.00,235623.78,24420000.00,35794293.33,150.00,57500.00,84282.22,2.80,24.70,21.50,2908,67.81,19.81,0.00,6.05,0.00,0.00,1.75,4.57,174205.00,1393640.00,8.00,182598.99,98238259.00,538.00,1.47
370630020143,141362.07,207205.38,95000.00,139248.89,173500.00,254312.44,140750.00,206308.22,8199000.00,12017912.00,58.00,55625.00,81533.89,2.53,20.20,19.10,1319,60.12,21.38,3.11,7.51,0.00,0.00,2.88,5.00,151107.75,1208862.00,8.00,138860.80,18329626.00,132.00,5.71
370630020112,163476.92,239620.84,14000.00,20520.89,225000.00,329800.00,164500.00,241120.44,10626000.00,15575354.67,65.00,54894.00,80462.41,3.00,21.10,18.40,2518,69.54,19.30,0.00,5.60,0.00,1.11,3.14,1.31,162849.00,325698.00,2.00,175151.38,35380578.00,202.00,0.98
370630020123,160508.88,235270.35,31500.00,46172.00,374000.00,548200.89,150750.00,220966.00,54252000.00,79521376.00,338.00,54024.00,79187.18,2.79,23.60,22.40,5014,50.14,34.24,0.32,9.45,0.00,0.22,1.90,3.73,150206.92,5707863.00,38.00,169584.27,137532842.00,811.00,4.48
370630020122,183256.76,268613.69,29000.00,42507.56,255000.00,373773.33,191750.00,281062.89,13561000.00,19877412.44,74.00,44950.00,65886.71,4.27,22.00,19.40,2427,63.08,23.32,0.00,6.22,0.00,0.00,5.11,2.27,99856.50,998565.00,10.00,161082.96,25612190.00,159.00,5.92
370630020121,206793.10,303112.73,20000.00,29315.56,332000.00,486638.22,212000.00,310744.89,29985000.00,43951346.67,145.00,61642.00,90353.47,3.44,24.00,17.60,3105,81.67,6.79,0.48,4.67,0.00,0.68,0.87,4.83,160939.15,4345357.00,27.00,221295.85,122597900.00,554.00,4.65
370630020131,126318.18,185154.38,88000.00,128988.44,245000.00,359115.56,118000.00,172961.78,9726500.00,14256887.56,77.00,70134.00,102800.86,1.68,18.80,19.30,1700,58.77,35.41,0.82,3.88,0.00,0.00,1.12,0.00,130896.00,916272.00,7.00,147988.60,55791702.00,377.00,1.82
370630020124,218770.43,320668.83,17500.00,25651.11,849000.00,1244445.33,215000.00,315142.22,91008500.00,133398236.89,416.00,90123.00,132100.29,2.39,18.90,20.50,2166,66.30,30.79,0.00,0.32,0.00,0.00,0.83,1.75,242246.61,5571672.00,23.00,217599.86,178214288.00,819.00,2.73
370630020132,116860.47,171291.48,81500.00,119460.89,184000.00,269703.11,116000.00,170030.22,5025000.00,7365533.33,43.00,53929.00,79047.93,2.15,23.00,18.20,926,76.03,16.63,0.00,4.10,0.00,0.00,2.48,0.76,114014.77,1482192.00,13.00,124635.28,32779078.00,263.00,4.71
370630020133,157646.88,231075.29,57000.00,83549.33,215000.00,315142.22,163500.00,239654.67,50447000.00,73944091.56,320.00,75727.00,110998.95,2.16,28.50,20.60,1710,65.50,22.16,0.76,6.55,0.00,0.35,2.05,2.63,140076.00,2661444.00,19.00,149733.08,97476234.00,651.00,2.84
